{"results":{"by_response":{"OBJ4":{"r2score_train":[0.00039169870556832187,-0.40484111207170836],"adj_r2score_train":[0.00023066079829214825,-0.405067433394221],"mae_train":[0.025716539264367178,0.03380674539424808],"mse_train":[0.001139283384331238,0.001654505335032949],"mae_val":[0.025817334391043684,0.03366890512368368],"r2score_val":[0.00038425061735247734,-0.418136124550738],"mse_val":[0.0011772645149155598,0.0016162920229137443],"training_losses":[],"adj_r2score_val":[0.00022321151018167562,-0.4183645877131936]},"OBJ6":{"r2score_train":[-0.028391313969385212,-5.396302123417129e-5],"adj_r2score_train":[-0.028556988849083753,-0.00021507272506493536],"mae_train":[0.21153393074477492,0.20352523722159518],"mse_train":[0.06401254611253042,0.062306394368480705],"mae_val":[0.2114546255513846,0.20358827369193228],"r2score_val":[-0.027984484841339974,-7.071138568526258e-5],"mse_val":[0.06404655057183574,0.06224972115067177],"training_losses":[],"adj_r2score_val":[-0.028150094180454888,-0.00023182378769437406]},"OBJ2":{"r2score_train":[1.1004104864986708e-5,-6.725926334905097e-5],"adj_r2score_train":[-0.00015009513269603758,-0.00022837110921769543],"mae_train":[0.32839693230239037,0.33021015090168715],"mse_train":[0.14810081924699203,0.14954459138853501],"mae_val":[0.3302057794558062,0.32839897918653027],"r2score_val":[-4.1921188929539e-5,-3.287045263977717e-6],"mse_val":[0.14954080247138687,0.14810293580132405],"training_losses":[],"adj_r2score_val":[-0.00020302895280899236,-0.00016438858514367105]},"OBJ3":{"r2score_train":[-0.00036354642373415125,-0.0036430894890577825],"adj_r2score_train":[-0.0005247060017636862,-0.003804777404788684],"mae_train":[0.17623326868823694,0.17691791244648125],"mse_train":[0.04469179911360083,0.04507332175792612],"mae_val":[0.17661714327981162,0.17653682507822968],"r2score_val":[-0.00041728841329047306,-0.0034904506380180056],"mse_val":[0.044928451961742326,0.04483149530254279],"training_losses":[],"adj_r2score_val":[-0.0005784566492088583,-0.003652113963475756]},"OBJ5":{"r2score_train":[-0.003207227631506715,-7.385547218663469e-5],"adj_r2score_train":[-0.0033688453294520304,-0.00023496838071124238],"mae_train":[0.21796987561589373,0.21481804039229394],"mse_train":[0.06994231038832174,0.06959524873896736],"mae_val":[0.21760951958193195,0.21525989969150375],"r2score_val":[-0.0033000852255848923,-8.89625771649527e-5],"mse_val":[0.0698197624195783,0.06972490898181631],"training_losses":[],"adj_r2score_val":[-0.003461717882982329,-0.00025007791945963476]},"OBJ1":{"r2score_train":[-0.00014736505144674616,-5.23827030307622e-6],"adj_r2score_train":[-0.000308489802439027,-0.00016634012452731994],"mae_train":[0.3561750383881068,0.3572883944293276],"mse_train":[0.19339971366073722,0.19444167679346547],"mae_val":[0.356574527489061,0.35691262589414574],"r2score_val":[-0.00016632027522156534,-9.033409182901408e-7],"mse_val":[0.19447299768453716,0.19337139218145855],"training_losses":[],"adj_r2score_val":[-0.00032744807991935687,-0.00016200449678094309]}},"total":{"r2score_train":[-0.005284458377606586,-0.06811408626463984],"adj_r2score_train":[-0.005446410719523731,-0.06828616052308849],"mae_train":[0.2193375975006283,0.21942774679760554],"mse_train":[0.08688107865108559,0.08710262306373462],"mae_val":[0.21971315495817317,0.2190609181110042],"r2score_val":[-0.005254308221168995,-0.07029840658963142],"mse_val":[0.08733097160399932,0.08664945757345452],"training_losses":[[18.96122928600777,8.267142744763637,7.385150908997395],[13.989800744284585,7.869381660519558,7.403807760294323]],"adj_r2score_val":[-0.005416255705865458,-0.07047083274429133]}},"configs":{"depth":7,"optimizer":"ADAM","n_folds":2,"loss_function":"loss_function_string","n_epochs":3,"width":10,"batchsize":1024}}