{"results":{"by_response":{"OBJ4":{"r2score_train":[-6.089070334863668,-0.0005192725582263691],"adj_r2score_train":[-6.090212391256939,-0.000680457223893649],"mae_train":[0.08488388459948705,0.025856841040864553],"mse_train":[0.008161386482418157,0.0011656095829115183],"mae_val":[0.0849370003770398,0.025884187444801962],"r2score_val":[-6.029800632850931,-0.00041984787963089687],"mse_val":[0.008189750271034043,0.00115174665189505],"training_losses":[],"adj_r2score_val":[-6.030933140835326,-0.0005810165278818946]},"OBJ6":{"r2score_train":[-1.3134238171078674,-9.753956415758935e-5],"adj_r2score_train":[-1.313796512022133,-0.00025865628821342135],"mae_train":[0.33055308054182186,0.20428775063049479],"mse_train":[0.14384199736390607,0.06263609257290997],"mae_val":[0.33104038641861055,0.2032694080298439],"r2score_val":[-1.3058379925668362,-8.147187331664085e-5],"mse_val":[0.14441459582381375,0.062182171453881566],"training_losses":[],"adj_r2score_val":[-1.306209465397104,-0.00024258600885129766]},"OBJ2":{"r2score_train":[-0.012927559328594462,-0.0034299016946450767],"adj_r2score_train":[-0.013090742981797021,-0.0035915552656069494],"mae_train":[0.33030888536628694,0.3302045049699145],"mse_train":[0.1503328966568289,0.1494927176364301],"mae_val":[0.3313022000751735,0.32932525792337064],"r2score_val":[-0.014040713124610527,-0.00405707581290371],"mse_val":[0.1510735346265495,0.14901639038806544],"training_losses":[],"adj_r2score_val":[-0.014204076108014219,-0.004218830422249686]},"OBJ3":{"r2score_train":[-1.3351021667583005,-0.05986585744779149],"adj_r2score_train":[-1.335478354076597,-0.06003660290824442],"mae_train":[0.26802019131189364,0.18139212577663713],"mse_train":[0.10421799594834015,0.04757182890104118],"mae_val":[0.26871363495119804,0.18092145465221648],"r2score_val":[-1.330767653207733,-0.059522351766773784],"mse_val":[0.10461595609229321,0.047287565287516924],"training_losses":[],"adj_r2score_val":[-1.3311431422315172,-0.05969304188811431]},"OBJ5":{"r2score_train":[-0.851779356939903,-0.009851867818073012],"adj_r2score_train":[-0.8520776804652206,-0.010014555974265704],"mae_train":[0.31020081317815024,0.22099651428984135],"mse_train":[0.12831583595953572,0.07099750940471125],"mae_val":[0.31059258855980326,0.2193964800082852],"r2score_val":[-0.8338165849570156,-0.010633959243454338],"mse_val":[0.12892624590407628,0.07003012580489974],"training_losses":[],"adj_r2score_val":[-0.8341120146616183,-0.010796773395365777]},"OBJ1":{"r2score_train":[-3.0626183429971476e-5,-3.483261079062494e-5],"adj_r2score_train":[-0.00019173212767253922,-0.0001959392326928988],"mae_train":[0.35705623518794277,0.3591624958152666],"mse_train":[0.19335974387567548,0.19639071446365508],"mae_val":[0.359796803053897,0.35641525493696247],"r2score_val":[-3.779487039778928e-6,-5.345523967470456e-6],"mse_val":[0.19638461613091457,0.19335485576354272],"training_losses":[],"adj_r2score_val":[-0.0001648811062524569,-0.00016644739547033716]}},"total":{"r2score_train":[-1.6003889768636272,-0.012299878615614027],"adj_r2score_train":[-1.6008079021550599,-0.012462961148819507],"mae_train":[0.2801705150309304,0.22031670542050316],"mse_train":[0.12137164271445076,0.08804241209360984],"mae_val":[0.2810637689059537,0.21920200716591343],"r2score_val":[-1.585711226032361,-0.012453342016674473],"mse_val":[0.12226744980811353,0.08717047589163358],"training_losses":[[44.9404370370516,19.46638397527624,10.316202307685638],[17.629356290711645,8.62323652202241,7.483717807476954]],"adj_r2score_val":[-1.5861277867233052,-0.012616449272988883]}},"configs":{"depth":7,"optimizer":"ADAM","n_folds":2,"loss_function":"loss_function_string","n_epochs":3,"width":10,"batchsize":1024}}